Application,Name,Version,License,DependencyType,Purl
APP-001,micrometer-core,3.0.10,Unknown,Direct,pkg:maven/micrometer-core@3.0.10
APP-001,tomcat-embed-core,2.4.0,Unknown,Transitive,pkg:maven/tomcat-embed-core@2.4.0
APP-001,netty-all,2.7.4,Unknown,Direct,pkg:maven/netty-all@2.7.4
APP-001,assertj-core,2.1.1,Unknown,Transitive,pkg:maven/assertj-core@2.1.1
APP-001,json-iterator,2.3.2,Unknown,Direct,pkg:generic/json-iterator@2.3.2
APP-001,disruptor,3.1.0,Unknown,Transitive,pkg:maven/disruptor@3.1.0
APP-001,log4j-api,5.1.3,Unknown,Direct,pkg:maven/log4j-api@5.1.3
APP-001,eslint,3.4.1,Unknown,Transitive,pkg:npm/eslint@3.4.1
APP-001,lombok,4.1.2,Unknown,Direct,pkg:maven/lombok@4.1.2
APP-001,jackson-core,2.2.2,Unknown,Transitive,pkg:maven/jackson-core@2.2.2
APP-001,jackson-annotations,5.0.6,Unknown,Direct,pkg:maven/jackson-annotations@5.0.6
APP-001,hibernate-core,3.2.0,Unknown,Transitive,pkg:maven/hibernate-core@3.2.0
APP-001,slf4j-api,2.8.8,Unknown,Direct,pkg:maven/slf4j-api@2.8.8
APP-001,httpcore,2.2.1,Unknown,Transitive,pkg:maven/httpcore@2.2.1
APP-001,go-jwt,5.10.5,Unknown,Direct,pkg:golang/go-jwt@5.10.5
APP-001,logback-classic,2.7.4,Unknown,Transitive,pkg:maven/logback-classic@2.7.4
APP-001,snakeyaml,3.1.0,Unknown,Direct,pkg:maven/snakeyaml@3.1.0
APP-001,jackson-core,4.9.0,Unknown,Transitive,pkg:maven/jackson-core@4.9.0
APP-001,aws-sdk-s3,3.4.2,Unknown,Transitive,pkg:generic/aws-sdk-s3@3.4.2
APP-001,eslint,2.2.5,Unknown,Transitive,pkg:npm/eslint@2.2.5
APP-001,opentelemetry-api,4.10.2,Unknown,Direct,pkg:maven/opentelemetry-api@4.10.2
APP-001,httpcore,2.6.2,Unknown,Transitive,pkg:maven/httpcore@2.6.2
APP-001,pyyaml,5.7.10,Unknown,Direct,pkg:maven/pyyaml@5.7.10
APP-001,commons-io,3.7.0,Unknown,Transitive,pkg:generic/commons-io@3.7.0
APP-001,eslint,3.3.1,Unknown,Transitive,pkg:npm/eslint@3.3.1
APP-001,fabric,1.5.2,Unknown,Transitive,pkg:generic/fabric@1.5.2
APP-001,jackson-databind,1.1.6,Unknown,Direct,pkg:maven/jackson-databind@1.1.6
APP-001,hibernate-core,1.7.4,Unknown,Transitive,pkg:maven/hibernate-core@1.7.4
APP-001,log4j-core,2.2.8,Unknown,Direct,pkg:maven/log4j-core@2.2.8
APP-001,eslint,2.9.3,Unknown,Transitive,pkg:npm/eslint@2.9.3
APP-001,jetty-server,2.3.0,Unknown,Direct,pkg:generic/jetty-server@2.3.0
APP-001,disruptor,3.1.5,Unknown,Transitive,pkg:maven/disruptor@3.1.5
APP-001,netty-handler,4.2.2,Unknown,Transitive,pkg:maven/netty-handler@4.2.2
APP-001,mockito-core,1.2.10,Unknown,Direct,pkg:maven/mockito-core@1.2.10
APP-001,httpcore,4.8.5,Unknown,Transitive,pkg:maven/httpcore@4.8.5
APP-001,spring-web,4.9.1,Unknown,Transitive,pkg:generic/spring-web@4.9.1
APP-001,junit-jupiter,4.1.8,Unknown,Direct,pkg:generic/junit-jupiter@4.1.8
APP-001,commons-io,2.3.1,Unknown,Transitive,pkg:generic/commons-io@2.3.1
APP-001,guava,1.2.6,Unknown,Direct,pkg:generic/guava@1.2.6
APP-001,logback-classic,4.1.3,Unknown,Transitive,pkg:maven/logback-classic@4.1.3
APP-001,netty-handler,2.2.4,Unknown,Transitive,pkg:maven/netty-handler@2.2.4
APP-001,mapstruct,4.15.0,Unknown,Direct,pkg:generic/mapstruct@4.15.0
APP-001,netty-handler,3.3.0,Unknown,Transitive,pkg:maven/netty-handler@3.3.0
APP-001,kafka-clients,4.8.5,Unknown,Direct,pkg:generic/kafka-clients@4.8.5
APP-001,eslint,2.2.2,Unknown,Transitive,pkg:npm/eslint@2.2.2
APP-001,fabric,4.5.2,Unknown,Transitive,pkg:generic/fabric@4.5.2
APP-001,mysql-connector-java,4.2.3,Unknown,Direct,pkg:generic/mysql-connector-java@4.2.3
APP-001,spring-web,2.1.2,Unknown,Transitive,pkg:generic/spring-web@2.1.2
APP-001,crypto-go,4.2.4,Unknown,Transitive,pkg:generic/crypto-go@4.2.4
APP-001,sarama,5.0.2,Unknown,Direct,pkg:generic/sarama@5.0.2
APP-001,aws-sdk-s3,3.7.4,Unknown,Transitive,pkg:generic/aws-sdk-s3@3.7.4
APP-001,spring-core,4.10.0,Unknown,Transitive,pkg:maven/spring-core@4.10.0
APP-001,assertj-core,1.3.2,Unknown,Transitive,pkg:maven/assertj-core@1.3.2
APP-002,snakeyaml,3.15.2,Unknown,Direct,pkg:maven/snakeyaml@3.15.2
APP-002,lombok,2.6.0,Unknown,Transitive,pkg:maven/lombok@2.6.0
APP-002,vue,3.3.1,Unknown,Direct,pkg:generic/vue@3.3.1
APP-002,commons-lang3,3.2.0,Unknown,Transitive,pkg:generic/commons-lang3@3.2.0
APP-002,httpcore,5.15.3,Unknown,Direct,pkg:maven/httpcore@5.15.3
APP-002,log4j-core,2.1.4,Unknown,Transitive,pkg:maven/log4j-core@2.1.4
APP-002,commons-codec,1.1.2,Unknown,Transitive,pkg:generic/commons-codec@1.1.2
APP-002,logback-core,4.9.4,Unknown,Direct,pkg:maven/logback-core@4.9.4
APP-002,disruptor,1.1.0,Unknown,Transitive,pkg:maven/disruptor@1.1.0
APP-002,commons-lang3,1.2.5,Unknown,Transitive,pkg:generic/commons-lang3@1.2.5
APP-002,guava,1.5.1,Unknown,Direct,pkg:generic/guava@1.5.1
APP-002,disruptor,1.10.5,Unknown,Transitive,pkg:maven/disruptor@1.10.5
APP-002,aws-sdk-sqs,2.15.7,Unknown,Direct,pkg:generic/aws-sdk-sqs@2.15.7
APP-002,log4j-core,2.10.2,Unknown,Transitive,pkg:maven/log4j-core@2.10.2
APP-002,logback-classic,1.6.5,Unknown,Transitive,pkg:maven/logback-classic@1.6.5
APP-002,spring-web,4.0.1,Unknown,Direct,pkg:generic/spring-web@4.0.1
APP-002,lombok,3.8.4,Unknown,Transitive,pkg:maven/lombok@3.8.4
APP-002,log4j-core,2.10.5,Unknown,Transitive,pkg:maven/log4j-core@2.10.5
APP-002,hibernate-validator,4.10.5,Unknown,Direct,pkg:maven/hibernate-validator@4.10.5
APP-002,spring-core,3.7.0,Unknown,Transitive,pkg:maven/spring-core@3.7.0
APP-002,jackson-core,4.3.4,Unknown,Direct,pkg:maven/jackson-core@4.3.4
APP-002,jackson-annotations,4.0.5,Unknown,Transitive,pkg:maven/jackson-annotations@4.0.5
APP-002,aiohttp,1.7.3,Unknown,Transitive,pkg:maven/aiohttp@1.7.3
APP-002,netty-all,5.4.7,Unknown,Direct,pkg:maven/netty-all@5.4.7
APP-002,commons-codec,2.9.1,Unknown,Transitive,pkg:generic/commons-codec@2.9.1
APP-002,logback-classic,2.1.3,Unknown,Transitive,pkg:maven/logback-classic@2.1.3
APP-002,tomcat-embed-core,5.10.8,Unknown,Direct,pkg:maven/tomcat-embed-core@5.10.8
APP-002,disruptor,3.7.1,Unknown,Transitive,pkg:maven/disruptor@3.7.1
APP-002,postgresql-jdbc,2.13.9,Unknown,Direct,pkg:generic/postgresql-jdbc@2.13.9
APP-002,bandit,2.3.1,Unknown,Transitive,pkg:generic/bandit@2.3.1
APP-002,logback-classic,3.10.2,Unknown,Transitive,pkg:maven/logback-classic@3.10.2
APP-002,slf4j-api,2.5.8,Unknown,Direct,pkg:maven/slf4j-api@2.5.8
APP-002,log4j-core,4.10.5,Unknown,Transitive,pkg:maven/log4j-core@4.10.5
APP-002,jackson-databind,2.11.9,Unknown,Direct,pkg:maven/jackson-databind@2.11.9
APP-002,jackson-annotations,1.6.0,Unknown,Transitive,pkg:maven/jackson-annotations@1.6.0
APP-002,testify,4.4.4,Unknown,Transitive,pkg:generic/testify@4.4.4
APP-002,netty-handler,3.2.1,Unknown,Transitive,pkg:maven/netty-handler@3.2.1
APP-002,kafka-clients,1.10.7,Unknown,Direct,pkg:generic/kafka-clients@1.10.7
APP-002,log4j-core,3.7.4,Unknown,Transitive,pkg:maven/log4j-core@3.7.4
APP-002,psycopg2,1.11.3,Unknown,Direct,pkg:generic/psycopg2@1.11.3
APP-002,logback-classic,1.1.5,Unknown,Transitive,pkg:maven/logback-classic@1.1.5
APP-002,commons-collections4,3.14.3,Unknown,Direct,pkg:generic/commons-collections4@3.14.3
APP-002,aiohttp,1.6.2,Unknown,Transitive,pkg:maven/aiohttp@1.6.2
APP-002,jetty-server,2.10.8,Unknown,Direct,pkg:generic/jetty-server@2.10.8
APP-002,morgan,2.10.3,Unknown,Transitive,pkg:generic/morgan@2.10.3
APP-002,mysql-connector-java,1.6.8,Unknown,Direct,pkg:generic/mysql-connector-java@1.6.8
APP-002,testify,4.5.0,Unknown,Transitive,pkg:generic/testify@4.5.0
APP-002,h2-database,1.1.0,Unknown,Transitive,pkg:generic/h2-database@1.1.0
APP-002,bouncycastle-bcprov,2.8.8,Unknown,Direct,pkg:generic/bouncycastle-bcprov@2.8.8
APP-002,disruptor,1.6.5,Unknown,Transitive,pkg:maven/disruptor@1.6.5
APP-003,pip,2.4.2,Unknown,Direct,pkg:generic/pip@2.4.2
APP-003,django,4.7.1,Unknown,Transitive,pkg:generic/django@4.7.1
APP-003,scikit-learn,2.10.3,Unknown,Transitive,pkg:generic/scikit-learn@2.10.3
APP-003,setuptools,2.12.9,Unknown,Direct,pkg:generic/setuptools@2.12.9
APP-003,uvicorn,4.7.1,Unknown,Transitive,pkg:generic/uvicorn@4.7.1
APP-003,django,2.6.4,Unknown,Transitive,pkg:generic/django@2.6.4
APP-003,urllib3,2.9.1,Unknown,Transitive,pkg:generic/urllib3@2.9.1
APP-003,numpy,5.8.2,Unknown,Direct,pkg:generic/numpy@5.8.2
APP-003,click,1.3.4,Unknown,Transitive,pkg:generic/click@1.3.4
APP-003,aws-sdk-s3,5.13.2,Unknown,Direct,pkg:generic/aws-sdk-s3@5.13.2
APP-003,click,1.7.5,Unknown,Transitive,pkg:generic/click@1.7.5
APP-003,junit-jupiter,4.13.5,Unknown,Direct,pkg:generic/junit-jupiter@4.13.5
APP-003,go-redis,1.6.1,Unknown,Transitive,pkg:golang/go-redis@1.6.1
APP-003,psycopg2,1.3.8,Unknown,Direct,pkg:generic/psycopg2@1.3.8
APP-003,click,2.6.5,Unknown,Transitive,pkg:generic/click@2.6.5
APP-003,pydantic,5.8.4,Unknown,Direct,pkg:generic/pydantic@5.8.4
APP-003,boto3,4.2.2,Unknown,Transitive,pkg:generic/boto3@4.2.2
APP-003,werkzeug,4.4.2,Unknown,Transitive,pkg:generic/werkzeug@4.4.2
APP-003,log4j-api,2.3.3,Unknown,Direct,pkg:maven/log4j-api@2.3.3
APP-003,urllib3,1.2.3,Unknown,Transitive,pkg:generic/urllib3@1.2.3
APP-003,gunicorn,1.1.1,Unknown,Transitive,pkg:generic/gunicorn@1.1.1
APP-003,paramiko,1.2.4,Unknown,Direct,pkg:generic/paramiko@1.2.4
APP-003,werkzeug,3.9.0,Unknown,Transitive,pkg:generic/werkzeug@3.9.0
APP-003,pandas,5.5.10,Unknown,Direct,pkg:generic/pandas@5.5.10
APP-003,idna,4.6.4,Unknown,Transitive,pkg:generic/idna@4.6.4
APP-003,scikit-learn,2.8.0,Unknown,Transitive,pkg:generic/scikit-learn@2.8.0
APP-003,cryptography,4.12.9,Unknown,Direct,pkg:generic/cryptography@4.12.9
APP-003,werkzeug,3.5.0,Unknown,Transitive,pkg:generic/werkzeug@3.5.0
APP-003,sqlalchemy,5.8.8,Unknown,Direct,pkg:generic/sqlalchemy@5.8.8
APP-003,go-redis,4.9.0,Unknown,Transitive,pkg:golang/go-redis@4.9.0
APP-003,django,4.1.2,Unknown,Transitive,pkg:generic/django@4.1.2
APP-003,redis-py,2.10.6,Unknown,Direct,pkg:generic/redis-py@2.10.6
APP-003,gunicorn,3.1.4,Unknown,Transitive,pkg:generic/gunicorn@3.1.4
APP-003,pyyaml,2.15.5,Unknown,Direct,pkg:maven/pyyaml@2.15.5
APP-003,uvicorn,2.3.2,Unknown,Transitive,pkg:generic/uvicorn@2.3.2
APP-003,node-fetch,2.11.2,Unknown,Direct,pkg:generic/node-fetch@2.11.2
APP-003,werkzeug,4.5.4,Unknown,Transitive,pkg:generic/werkzeug@4.5.4
APP-003,colly,3.7.4,Unknown,Transitive,pkg:generic/colly@3.7.4
APP-003,httpx,4.5.8,Unknown,Direct,pkg:maven/httpx@4.5.8
APP-003,werkzeug,1.8.2,Unknown,Transitive,pkg:generic/werkzeug@1.8.2
APP-003,coverage,2.14.1,Unknown,Direct,pkg:generic/coverage@2.14.1
APP-003,idna,3.9.2,Unknown,Transitive,pkg:generic/idna@3.9.2
APP-003,zap,2.8.3,Unknown,Direct,pkg:generic/zap@2.8.3
APP-003,go-redis,3.5.3,Unknown,Transitive,pkg:golang/go-redis@3.5.3
APP-003,fastapi,5.4.9,Unknown,Direct,pkg:maven/fastapi@5.4.9
APP-003,uvicorn,2.7.0,Unknown,Transitive,pkg:generic/uvicorn@2.7.0
APP-003,celery,2.6.3,Unknown,Transitive,pkg:generic/celery@2.6.3
APP-003,jinja2,3.15.10,Unknown,Direct,pkg:generic/jinja2@3.15.10
APP-003,boto3,1.5.5,Unknown,Transitive,pkg:generic/boto3@1.5.5
APP-003,python-dateutil,5.6.9,Unknown,Direct,pkg:generic/python-dateutil@5.6.9
APP-003,django,4.1.3,Unknown,Transitive,pkg:generic/django@4.1.3
APP-003,flask,5.9.7,Unknown,Direct,pkg:generic/flask@5.9.7
APP-003,urllib3,4.1.0,Unknown,Transitive,pkg:generic/urllib3@4.1.0
APP-003,wheel,2.10.3,Unknown,Direct,pkg:generic/wheel@2.10.3
APP-003,go-redis,3.9.4,Unknown,Transitive,pkg:golang/go-redis@3.9.4
APP-003,pytest,4.6.1,Unknown,Transitive,pkg:generic/pytest@4.6.1
APP-003,pyjwt,5.13.8,Unknown,Direct,pkg:generic/pyjwt@5.13.8
APP-003,idna,4.4.1,Unknown,Transitive,pkg:generic/idna@4.4.1
APP-004,coverage,5.12.10,Unknown,Direct,pkg:generic/coverage@5.12.10
APP-004,flask,4.1.3,Unknown,Transitive,pkg:generic/flask@4.1.3
APP-004,charset-normalizer,1.5.4,Unknown,Transitive,pkg:generic/charset-normalizer@1.5.4
APP-004,morgan,4.11.0,Unknown,Direct,pkg:generic/morgan@4.11.0
APP-004,celery,2.8.3,Unknown,Transitive,pkg:generic/celery@2.8.3
APP-004,pillow,2.3.4,Unknown,Transitive,pkg:generic/pillow@2.3.4
APP-004,uvicorn,2.9.5,Unknown,Transitive,pkg:generic/uvicorn@2.9.5
APP-004,paramiko,5.10.10,Unknown,Direct,pkg:generic/paramiko@5.10.10
APP-004,bcrypt,4.10.3,Unknown,Transitive,pkg:generic/bcrypt@4.10.3
APP-004,uvicorn,3.9.1,Unknown,Transitive,pkg:generic/uvicorn@3.9.1
APP-004,matplotlib,2.6.4,Unknown,Transitive,pkg:generic/matplotlib@2.6.4
APP-004,numpy,1.9.3,Unknown,Direct,pkg:generic/numpy@1.9.3
APP-004,psycopg2,2.1.0,Unknown,Transitive,pkg:generic/psycopg2@2.1.0
APP-004,pytest,2.8.5,Unknown,Direct,pkg:generic/pytest@2.8.5
APP-004,charset-normalizer,1.5.3,Unknown,Transitive,pkg:generic/charset-normalizer@1.5.3
APP-004,python-dateutil,2.15.9,Unknown,Direct,pkg:generic/python-dateutil@2.15.9
APP-004,setuptools,1.5.2,Unknown,Transitive,pkg:generic/setuptools@1.5.2
APP-004,cors,4.13.1,Unknown,Direct,pkg:generic/cors@4.13.1
APP-004,click,3.8.0,Unknown,Transitive,pkg:generic/click@3.8.0
APP-004,flask,3.8.4,Unknown,Transitive,pkg:generic/flask@3.8.4
APP-004,django,2.10.8,Unknown,Direct,pkg:generic/django@2.10.8
APP-004,pillow,2.6.2,Unknown,Transitive,pkg:generic/pillow@2.6.2
APP-004,mypy,2.4.5,Unknown,Direct,pkg:generic/mypy@2.4.5
APP-004,setuptools,2.2.3,Unknown,Transitive,pkg:generic/setuptools@2.2.3
APP-004,boto3,4.6.8,Unknown,Direct,pkg:generic/boto3@4.6.8
APP-004,matplotlib,1.1.5,Unknown,Transitive,pkg:generic/matplotlib@1.1.5
APP-004,httpx,3.6.5,Unknown,Direct,pkg:maven/httpx@3.6.5
APP-004,setuptools,2.7.0,Unknown,Transitive,pkg:generic/setuptools@2.7.0
APP-004,hibernate-core,2.3.5,Unknown,Transitive,pkg:maven/hibernate-core@2.3.5
APP-004,scipy,1.3.0,Unknown,Direct,pkg:generic/scipy@1.3.0
APP-004,setuptools,1.4.3,Unknown,Transitive,pkg:generic/setuptools@1.4.3
APP-004,moment,2.6.3,Unknown,Direct,pkg:generic/moment@2.6.3
APP-004,six,1.6.4,Unknown,Transitive,pkg:generic/six@1.6.4
APP-004,fastapi,5.1.4,Unknown,Direct,pkg:maven/fastapi@5.1.4
APP-004,flask,1.6.5,Unknown,Transitive,pkg:generic/flask@1.6.5
APP-004,twisted,3.11.1,Unknown,Direct,pkg:generic/twisted@3.11.1
APP-004,scikit-learn,1.5.3,Unknown,Transitive,pkg:generic/scikit-learn@1.5.3
APP-004,pyjwt,5.2.2,Unknown,Direct,pkg:generic/pyjwt@5.2.2
APP-004,requests,4.2.0,Unknown,Transitive,pkg:generic/requests@4.2.0
APP-004,bcrypt,3.10.2,Unknown,Transitive,pkg:generic/bcrypt@3.10.2
APP-004,hibernate-core,3.10.2,Unknown,Transitive,pkg:maven/hibernate-core@3.10.2
APP-004,formidable,4.4.1,Unknown,Direct,pkg:generic/formidable@4.4.1
APP-004,psycopg2,2.6.2,Unknown,Transitive,pkg:generic/psycopg2@2.6.2
APP-004,pyyaml,5.10.7,Unknown,Direct,pkg:maven/pyyaml@5.10.7
APP-004,requests,2.6.1,Unknown,Transitive,pkg:generic/requests@2.6.1
APP-004,scikit-learn,2.5.0,Unknown,Transitive,pkg:generic/scikit-learn@2.5.0
APP-004,idna,2.10.2,Unknown,Direct,pkg:generic/idna@2.10.2
APP-004,matplotlib,3.2.1,Unknown,Transitive,pkg:generic/matplotlib@3.2.1
APP-004,bandit,1.8.9,Unknown,Direct,pkg:generic/bandit@1.8.9
APP-004,hibernate-core,2.8.4,Unknown,Transitive,pkg:maven/hibernate-core@2.8.4
APP-004,ansible-core,3.5.6,Unknown,Direct,pkg:maven/ansible-core@3.5.6
APP-004,click,2.3.0,Unknown,Transitive,pkg:generic/click@2.3.0
APP-004,charset-normalizer,2.7.4,Unknown,Transitive,pkg:generic/charset-normalizer@2.7.4
APP-004,scikit-learn,4.5.3,Unknown,Transitive,pkg:generic/scikit-learn@4.5.3
APP-004,urllib3,4.12.0,Unknown,Direct,pkg:generic/urllib3@4.12.0
APP-004,celery,1.8.0,Unknown,Transitive,pkg:generic/celery@1.8.0
APP-004,aiohttp,2.12.0,Unknown,Direct,pkg:maven/aiohttp@2.12.0
APP-004,requests,3.7.1,Unknown,Transitive,pkg:generic/requests@3.7.1
APP-004,pandas,5.4.7,Unknown,Direct,pkg:generic/pandas@5.4.7
APP-004,scikit-learn,4.6.2,Unknown,Transitive,pkg:generic/scikit-learn@4.6.2
APP-004,celery,4.0.1,Unknown,Transitive,pkg:generic/celery@4.0.1
APP-004,rich,4.9.5,Unknown,Transitive,pkg:generic/rich@4.9.5
APP-004,pydantic,4.11.1,Unknown,Direct,pkg:generic/pydantic@4.11.1
APP-004,click,1.2.2,Unknown,Transitive,pkg:generic/click@1.2.2
APP-004,markupsafe,2.0.9,Unknown,Direct,pkg:generic/markupsafe@2.0.9
APP-004,flask,4.3.1,Unknown,Transitive,pkg:generic/flask@4.3.1
APP-004,typescript,4.13.7,Unknown,Direct,pkg:generic/typescript@4.13.7
APP-004,uvicorn,2.0.1,Unknown,Transitive,pkg:generic/uvicorn@2.0.1
APP-004,hibernate-validator,1.4.0,Unknown,Direct,pkg:maven/hibernate-validator@1.4.0
APP-004,rich,2.7.5,Unknown,Transitive,pkg:generic/rich@2.7.5
APP-004,six,3.0.0,Unknown,Transitive,pkg:generic/six@3.0.0
APP-004,requests,3.5.2,Unknown,Transitive,pkg:generic/requests@3.5.2
APP-004,botocore,1.13.8,Unknown,Direct,pkg:maven/botocore@1.13.8
APP-004,charset-normalizer,2.9.0,Unknown,Transitive,pkg:generic/charset-normalizer@2.9.0
APP-004,safety,1.2.7,Unknown,Direct,pkg:generic/safety@1.2.7
APP-004,requests,3.2.4,Unknown,Transitive,pkg:generic/requests@3.2.4
APP-004,celery,4.8.5,Unknown,Transitive,pkg:generic/celery@4.8.5
APP-005,formidable,5.8.5,Unknown,Direct,pkg:generic/formidable@5.8.5
APP-005,postgresql-jdbc,1.7.0,Unknown,Transitive,pkg:generic/postgresql-jdbc@1.7.0
APP-005,cheerio,3.15.7,Unknown,Direct,pkg:generic/cheerio@3.15.7
APP-005,testify,1.5.4,Unknown,Transitive,pkg:generic/testify@1.5.4
APP-005,bcrypt,1.9.8,Unknown,Direct,pkg:generic/bcrypt@1.9.8
APP-005,axios,2.9.3,Unknown,Transitive,pkg:generic/axios@2.9.3
APP-005,mocha,4.10.8,Unknown,Direct,pkg:generic/mocha@4.10.8
APP-005,micrometer-core,4.5.4,Unknown,Transitive,pkg:maven/micrometer-core@4.5.4
APP-005,express,1.7.1,Unknown,Transitive,pkg:generic/express@1.7.1
APP-005,nanoid,3.12.1,Unknown,Direct,pkg:generic/nanoid@3.12.1
APP-005,postgresql-jdbc,1.3.1,Unknown,Transitive,pkg:generic/postgresql-jdbc@1.3.1
APP-005,winston,1.4.10,Unknown,Direct,pkg:generic/winston@1.4.10
APP-005,axios,3.9.5,Unknown,Transitive,pkg:generic/axios@3.9.5
APP-005,sequelize,3.2.9,Unknown,Direct,pkg:generic/sequelize@3.2.9
APP-005,postgresql-jdbc,1.0.5,Unknown,Transitive,pkg:generic/postgresql-jdbc@1.0.5
APP-005,axios,3.1.2,Unknown,Transitive,pkg:generic/axios@3.1.2
APP-005,commander,2.13.9,Unknown,Direct,pkg:generic/commander@2.13.9
APP-005,bull,2.3.4,Unknown,Transitive,pkg:generic/bull@2.3.4
APP-005,dotenv,4.4.4,Unknown,Direct,pkg:generic/dotenv@4.4.4
APP-005,bull,4.2.0,Unknown,Transitive,pkg:generic/bull@4.2.0
APP-005,echo,2.10.3,Unknown,Transitive,pkg:generic/echo@2.10.3
APP-005,babel-core,5.15.3,Unknown,Direct,pkg:maven/babel-core@5.15.3
APP-005,testify,3.1.4,Unknown,Transitive,pkg:generic/testify@3.1.4
APP-005,node-fetch,2.8.7,Unknown,Direct,pkg:generic/node-fetch@2.8.7
APP-005,micrometer-core,3.9.0,Unknown,Transitive,pkg:maven/micrometer-core@3.9.0
APP-005,echo,3.8.0,Unknown,Transitive,pkg:generic/echo@3.8.0
APP-005,dayjs,4.7.4,Unknown,Transitive,pkg:generic/dayjs@4.7.4
APP-005,morgan,5.10.6,Unknown,Direct,pkg:generic/morgan@5.10.6
APP-005,testify,3.0.5,Unknown,Transitive,pkg:generic/testify@3.0.5
APP-005,webpack,4.9.1,Unknown,Transitive,pkg:generic/webpack@4.9.1
APP-005,nodemon,2.15.2,Unknown,Direct,pkg:generic/nodemon@2.15.2
APP-005,helmet,4.6.1,Unknown,Transitive,pkg:generic/helmet@4.6.1
APP-005,dayjs,4.10.1,Unknown,Transitive,pkg:generic/dayjs@4.10.1
APP-005,bull,2.9.5,Unknown,Transitive,pkg:generic/bull@2.9.5
APP-005,next,4.15.4,Unknown,Direct,pkg:generic/next@4.15.4
APP-005,echo,3.6.4,Unknown,Transitive,pkg:generic/echo@3.6.4
APP-005,postgresql-jdbc,3.5.2,Unknown,Transitive,pkg:generic/postgresql-jdbc@3.5.2
APP-005,micrometer-core,3.1.2,Unknown,Transitive,pkg:maven/micrometer-core@3.1.2
APP-005,cors,5.12.7,Unknown,Direct,pkg:generic/cors@5.12.7
APP-005,testify,2.5.4,Unknown,Transitive,pkg:generic/testify@2.5.4
APP-005,knex,1.0.1,Unknown,Direct,pkg:generic/knex@1.0.1
APP-005,testify,3.4.1,Unknown,Transitive,pkg:generic/testify@3.4.1
APP-005,chalk,1.0.9,Unknown,Direct,pkg:generic/chalk@1.0.9
APP-005,testify,1.1.4,Unknown,Transitive,pkg:generic/testify@1.1.4
APP-005,vue,1.5.4,Unknown,Direct,pkg:generic/vue@1.5.4
APP-005,echo,1.4.0,Unknown,Transitive,pkg:generic/echo@1.4.0
APP-005,react,4.12.5,Unknown,Direct,pkg:npm/react@4.12.5
APP-005,protobuf-java,2.10.3,Unknown,Transitive,pkg:generic/protobuf-java@2.10.3
APP-005,express,1.2.4,Unknown,Transitive,pkg:generic/express@1.2.4
APP-005,graphql,4.3.4,Unknown,Transitive,pkg:generic/graphql@4.3.4
APP-005,puppeteer,1.12.4,Unknown,Direct,pkg:generic/puppeteer@1.12.4
APP-005,graphql,1.8.1,Unknown,Transitive,pkg:generic/graphql@1.8.1
APP-005,apollo-server,5.1.6,Unknown,Direct,pkg:generic/apollo-server@5.1.6
APP-005,mysql-connector-java,4.3.1,Unknown,Transitive,pkg:generic/mysql-connector-java@4.3.1
APP-005,react-dom,5.7.7,Unknown,Direct,pkg:generic/react-dom@5.7.7
APP-005,postgresql-jdbc,1.5.5,Unknown,Transitive,pkg:generic/postgresql-jdbc@1.5.5
APP-005,mysql-connector-java,1.6.0,Unknown,Transitive,pkg:generic/mysql-connector-java@1.6.0
APP-005,axios,2.10.5,Unknown,Transitive,pkg:generic/axios@2.10.5
APP-005,angular-core,5.4.9,Unknown,Direct,pkg:maven/angular-core@5.4.9
APP-005,express,2.0.1,Unknown,Transitive,pkg:generic/express@2.0.1
APP-005,postgresql-jdbc,1.4.0,Unknown,Transitive,pkg:generic/postgresql-jdbc@1.4.0
APP-005,protobuf-java,4.9.1,Unknown,Transitive,pkg:generic/protobuf-java@4.9.1
APP-005,jest,5.2.1,Unknown,Direct,pkg:generic/jest@5.2.1
APP-005,dayjs,4.5.0,Unknown,Transitive,pkg:generic/dayjs@4.5.0
APP-005,spring-boot-starter,2.11.8,Unknown,Direct,pkg:generic/spring-boot-starter@2.11.8
APP-005,webpack,2.0.3,Unknown,Transitive,pkg:generic/webpack@2.0.3
APP-005,yargs,1.0.0,Unknown,Direct,pkg:generic/yargs@1.0.0
APP-005,protobuf-java,2.10.2,Unknown,Transitive,pkg:generic/protobuf-java@2.10.2
APP-006,zap,4.6.3,Unknown,Direct,pkg:generic/zap@4.6.3
APP-006,inquirer,4.8.4,Unknown,Transitive,pkg:generic/inquirer@4.8.4
APP-006,pyjwt,2.0.4,Unknown,Direct,pkg:generic/pyjwt@2.0.4
APP-006,react-dom,2.1.0,Unknown,Transitive,pkg:generic/react-dom@2.1.0
APP-006,commons-lang3,2.8.5,Unknown,Transitive,pkg:generic/commons-lang3@2.8.5
APP-006,moment,3.15.9,Unknown,Direct,pkg:generic/moment@3.15.9
APP-006,commons-lang3,3.3.3,Unknown,Transitive,pkg:generic/commons-lang3@3.3.3
APP-006,cors,3.4.0,Unknown,Transitive,pkg:generic/cors@3.4.0
APP-006,testify,2.11.4,Unknown,Direct,pkg:generic/testify@2.11.4
APP-006,uuid,2.2.1,Unknown,Transitive,pkg:generic/uuid@2.2.1
APP-006,coverage,1.0.2,Unknown,Transitive,pkg:generic/coverage@1.0.2
APP-006,mapstruct,2.7.2,Unknown,Transitive,pkg:generic/mapstruct@2.7.2
APP-006,crypto-go,5.1.10,Unknown,Direct,pkg:generic/crypto-go@5.1.10
APP-006,mapstruct,1.6.3,Unknown,Transitive,pkg:generic/mapstruct@1.6.3
APP-006,python-dateutil,2.14.5,Unknown,Direct,pkg:generic/python-dateutil@2.14.5
APP-006,commons-lang3,2.9.5,Unknown,Transitive,pkg:generic/commons-lang3@2.9.5
APP-006,mux,4.10.1,Unknown,Direct,pkg:generic/mux@4.10.1
APP-006,uuid,2.7.2,Unknown,Transitive,pkg:generic/uuid@2.7.2
APP-006,logrus,5.6.9,Unknown,Direct,pkg:generic/logrus@5.6.9
APP-006,bouncycastle-bcprov,1.8.3,Unknown,Transitive,pkg:generic/bouncycastle-bcprov@1.8.3
APP-006,go-jwt,5.2.3,Unknown,Direct,pkg:golang/go-jwt@5.2.3
APP-006,mapstruct,4.2.4,Unknown,Transitive,pkg:generic/mapstruct@4.2.4
APP-006,go-jwt,1.2.1,Unknown,Transitive,pkg:golang/go-jwt@1.2.1
APP-006,viper,2.6.2,Unknown,Direct,pkg:generic/viper@2.6.2
APP-006,logback-classic,4.3.0,Unknown,Transitive,pkg:maven/logback-classic@4.3.0
APP-006,resty,1.4.4,Unknown,Direct,pkg:generic/resty@1.4.4
APP-006,inquirer,2.0.0,Unknown,Transitive,pkg:generic/inquirer@2.0.0
APP-006,gson,4.2.9,Unknown,Direct,pkg:generic/gson@4.2.9
APP-006,uuid,1.4.1,Unknown,Transitive,pkg:generic/uuid@1.4.1
APP-006,paramiko,1.2.2,Unknown,Transitive,pkg:generic/paramiko@1.2.2
APP-006,jedis,4.2.2,Unknown,Transitive,pkg:generic/jedis@4.2.2
APP-006,spring-core,2.1.4,Unknown,Direct,pkg:maven/spring-core@2.1.4
APP-006,paramiko,2.10.1,Unknown,Transitive,pkg:generic/paramiko@2.10.1
APP-006,fiber,1.4.8,Unknown,Direct,pkg:generic/fiber@1.4.8
APP-006,uuid,2.8.4,Unknown,Transitive,pkg:generic/uuid@2.8.4
APP-006,gin,5.3.6,Unknown,Direct,pkg:generic/gin@5.3.6
APP-006,cors,4.9.4,Unknown,Transitive,pkg:generic/cors@4.9.4
APP-006,json-iterator,3.5.4,Unknown,Direct,pkg:generic/json-iterator@3.5.4
APP-006,commons-lang3,2.3.1,Unknown,Transitive,pkg:generic/commons-lang3@2.3.1
APP-006,golangci-lint,5.1.7,Unknown,Direct,pkg:golang/golangci-lint@5.1.7
APP-006,mapstruct,2.9.1,Unknown,Transitive,pkg:generic/mapstruct@2.9.1
APP-006,uvicorn,2.10.2,Unknown,Transitive,pkg:generic/uvicorn@2.10.2
APP-006,pgx,1.2.2,Unknown,Direct,pkg:generic/pgx@1.2.2
APP-006,uvicorn,1.1.4,Unknown,Transitive,pkg:generic/uvicorn@1.1.4
APP-006,nats,1.8.1,Unknown,Transitive,pkg:generic/nats@1.8.1
APP-006,aiohttp,2.9.2,Unknown,Direct,pkg:maven/aiohttp@2.9.2
APP-006,inquirer,2.7.5,Unknown,Transitive,pkg:generic/inquirer@2.7.5
APP-006,jedis,1.2.2,Unknown,Transitive,pkg:generic/jedis@1.2.2
APP-006,fasthttp,2.2.7,Unknown,Direct,pkg:maven/fasthttp@2.2.7
APP-006,logback-classic,1.1.1,Unknown,Transitive,pkg:maven/logback-classic@1.1.1
APP-006,chi,2.2.5,Unknown,Direct,pkg:generic/chi@2.2.5
APP-006,commons-lang3,3.10.3,Unknown,Transitive,pkg:generic/commons-lang3@3.10.3
APP-006,pyjwt,3.7.5,Unknown,Transitive,pkg:generic/pyjwt@3.7.5
APP-006,yargs,1.2.10,Unknown,Direct,pkg:generic/yargs@1.2.10
APP-006,commons-lang3,3.8.4,Unknown,Transitive,pkg:generic/commons-lang3@3.8.4
APP-006,colly,2.9.2,Unknown,Direct,pkg:generic/colly@2.9.2
APP-006,bouncycastle-bcprov,4.7.4,Unknown,Transitive,pkg:generic/bouncycastle-bcprov@4.7.4
APP-006,sqlx,2.1.6,Unknown,Direct,pkg:generic/sqlx@2.1.6
APP-006,react-dom,1.2.2,Unknown,Transitive,pkg:generic/react-dom@1.2.2
APP-007,viper,5.1.10,Unknown,Direct,pkg:generic/viper@5.1.10
APP-007,pydantic,3.10.0,Unknown,Transitive,pkg:generic/pydantic@3.10.0
APP-007,logback-classic,2.14.10,Unknown,Direct,pkg:maven/logback-classic@2.14.10
APP-007,aiohttp,4.5.5,Unknown,Transitive,pkg:maven/aiohttp@4.5.5
APP-007,jinja2,4.1.1,Unknown,Transitive,pkg:generic/jinja2@4.1.1
APP-007,mypy,3.2.5,Unknown,Direct,pkg:generic/mypy@3.2.5
APP-007,pydantic,2.10.3,Unknown,Transitive,pkg:generic/pydantic@2.10.3
APP-007,jinja2,2.0.3,Unknown,Transitive,pkg:generic/jinja2@2.0.3
APP-007,certifi,3.2.1,Unknown,Direct,pkg:generic/certifi@3.2.1
APP-007,pydantic,3.7.3,Unknown,Transitive,pkg:generic/pydantic@3.7.3
APP-007,bouncycastle-bcprov,2.4.1,Unknown,Transitive,pkg:generic/bouncycastle-bcprov@2.4.1
APP-007,markupsafe,1.7.1,Unknown,Direct,pkg:generic/markupsafe@1.7.1
APP-007,scipy,2.1.2,Unknown,Transitive,pkg:generic/scipy@2.1.2
APP-007,scikit-learn,4.6.9,Unknown,Direct,pkg:generic/scikit-learn@4.6.9
APP-007,charset-normalizer,3.3.4,Unknown,Transitive,pkg:generic/charset-normalizer@3.3.4
APP-007,scipy,4.3.2,Unknown,Transitive,pkg:generic/scipy@4.3.2
APP-007,python-dateutil,4.2.0,Unknown,Direct,pkg:generic/python-dateutil@4.2.0
APP-007,uvicorn,3.1.0,Unknown,Transitive,pkg:generic/uvicorn@3.1.0
APP-007,click,1.0.2,Unknown,Transitive,pkg:generic/click@1.0.2
APP-007,spring-core,3.12.10,Unknown,Direct,pkg:maven/spring-core@3.12.10
APP-007,jinja2,3.7.1,Unknown,Transitive,pkg:generic/jinja2@3.7.1
APP-007,redis-py,1.10.8,Unknown,Direct,pkg:generic/redis-py@1.10.8
APP-007,jinja2,3.4.4,Unknown,Transitive,pkg:generic/jinja2@3.4.4
APP-007,bouncycastle-bcprov,3.8.2,Unknown,Transitive,pkg:generic/bouncycastle-bcprov@3.8.2
APP-007,wheel,4.5.5,Unknown,Direct,pkg:generic/wheel@4.5.5
APP-007,aiohttp,1.3.1,Unknown,Transitive,pkg:maven/aiohttp@1.3.1
APP-007,paramiko,3.15.7,Unknown,Direct,pkg:generic/paramiko@3.15.7
APP-007,numpy,2.8.2,Unknown,Transitive,pkg:generic/numpy@2.8.2
APP-007,black,2.9.0,Unknown,Transitive,pkg:generic/black@2.9.0
APP-007,helmet,4.2.3,Unknown,Direct,pkg:generic/helmet@4.2.3
APP-007,click,1.5.1,Unknown,Transitive,pkg:generic/click@1.5.1
APP-007,pandas,1.2.7,Unknown,Direct,pkg:generic/pandas@1.2.7
APP-007,charset-normalizer,4.5.5,Unknown,Transitive,pkg:generic/charset-normalizer@4.5.5
APP-007,pyjwt,5.4.3,Unknown,Direct,pkg:generic/pyjwt@5.4.3
APP-007,click,4.1.3,Unknown,Transitive,pkg:generic/click@4.1.3
APP-007,cryptography,3.4.5,Unknown,Direct,pkg:generic/cryptography@3.4.5
APP-007,psycopg2,3.5.6,Unknown,Direct,pkg:generic/psycopg2@3.5.6
APP-007,numpy,4.8.5,Unknown,Transitive,pkg:generic/numpy@4.8.5
APP-007,bandit,5.2.4,Unknown,Direct,pkg:generic/bandit@5.2.4
APP-007,scipy,2.8.3,Unknown,Transitive,pkg:generic/scipy@2.8.3
APP-007,matplotlib,5.2.0,Unknown,Direct,pkg:generic/matplotlib@5.2.0
APP-007,httpx,1.8.0,Unknown,Transitive,pkg:maven/httpx@1.8.0
APP-007,scipy,1.10.3,Unknown,Transitive,pkg:generic/scipy@1.10.3
APP-007,rich,2.5.6,Unknown,Direct,pkg:generic/rich@2.5.6
APP-007,aiohttp,3.5.1,Unknown,Transitive,pkg:maven/aiohttp@3.5.1
APP-007,click,2.2.0,Unknown,Transitive,pkg:generic/click@2.2.0
APP-007,cobra,5.8.10,Unknown,Direct,pkg:generic/cobra@5.8.10
APP-007,uvicorn,4.10.5,Unknown,Transitive,pkg:generic/uvicorn@4.10.5
APP-007,pip,1.0.3,Unknown,Direct,pkg:generic/pip@1.0.3
APP-007,gunicorn,1.4.3,Unknown,Transitive,pkg:generic/gunicorn@1.4.3
APP-007,botocore,2.7.3,Unknown,Transitive,pkg:maven/botocore@2.7.3
APP-007,six,4.15.9,Unknown,Direct,pkg:generic/six@4.15.9
APP-007,click,4.3.5,Unknown,Transitive,pkg:generic/click@4.3.5
APP-007,redis,4.10.8,Unknown,Direct,pkg:generic/redis@4.10.8
APP-007,httpx,4.0.1,Unknown,Transitive,pkg:maven/httpx@4.0.1
APP-007,aiohttp,3.3.3,Unknown,Transitive,pkg:maven/aiohttp@3.3.3
APP-007,uvicorn,3.7.1,Unknown,Transitive,pkg:generic/uvicorn@3.7.1
APP-007,setuptools,4.11.7,Unknown,Direct,pkg:generic/setuptools@4.11.7
APP-007,numpy,2.3.1,Unknown,Transitive,pkg:generic/numpy@2.3.1
APP-007,coverage,1.13.7,Unknown,Direct,pkg:generic/coverage@1.13.7
APP-007,numpy,2.8.0,Unknown,Transitive,pkg:generic/numpy@2.8.0
APP-008,aws-sdk-s3,4.14.7,Unknown,Direct,pkg:generic/aws-sdk-s3@4.14.7
APP-008,log4j-core,1.3.3,Unknown,Transitive,pkg:maven/log4j-core@1.3.3
APP-008,guava,3.9.7,Unknown,Direct,pkg:generic/guava@3.9.7
APP-008,netty-all,3.4.1,Unknown,Transitive,pkg:maven/netty-all@3.4.1
APP-008,mysql-connector-java,2.15.0,Unknown,Direct,pkg:generic/mysql-connector-java@2.15.0
APP-008,netty-all,3.6.3,Unknown,Transitive,pkg:maven/netty-all@3.6.3
APP-008,tomcat-embed-core,5.4.2,Unknown,Direct,pkg:maven/tomcat-embed-core@5.4.2
APP-008,aws-sdk-sqs,4.6.1,Unknown,Transitive,pkg:generic/aws-sdk-sqs@4.6.1
APP-008,lettuce-core,4.10.8,Unknown,Direct,pkg:maven/lettuce-core@4.10.8
APP-008,gson,3.8.5,Unknown,Transitive,pkg:generic/gson@3.8.5
APP-008,mapstruct,1.10.4,Unknown,Transitive,pkg:generic/mapstruct@1.10.4
APP-008,jedis,1.6.9,Unknown,Direct,pkg:generic/jedis@1.6.9
APP-008,axios,1.10.4,Unknown,Transitive,pkg:generic/axios@1.10.4
APP-008,postgresql-jdbc,3.6.3,Unknown,Direct,pkg:generic/postgresql-jdbc@3.6.3
APP-008,gson,1.7.0,Unknown,Transitive,pkg:generic/gson@1.7.0
APP-008,commander,5.7.7,Unknown,Direct,pkg:generic/commander@5.7.7
APP-008,setuptools,4.0.3,Unknown,Transitive,pkg:generic/setuptools@4.0.3
APP-008,boto3,1.8.8,Unknown,Direct,pkg:generic/boto3@1.8.8
APP-008,numpy,4.1.5,Unknown,Transitive,pkg:generic/numpy@4.1.5
APP-008,logback-classic,3.5.3,Unknown,Direct,pkg:maven/logback-classic@3.5.3
APP-008,gson,2.0.0,Unknown,Transitive,pkg:generic/gson@2.0.0
APP-008,jetty-server,4.4.4,Unknown,Transitive,pkg:generic/jetty-server@4.4.4
APP-008,mapstruct,3.10.3,Unknown,Transitive,pkg:generic/mapstruct@3.10.3
APP-008,log4j-api,4.8.3,Unknown,Direct,pkg:maven/log4j-api@4.8.3
APP-008,axios,4.0.0,Unknown,Transitive,pkg:generic/axios@4.0.0
APP-008,h2-database,4.15.6,Unknown,Direct,pkg:generic/h2-database@4.15.6
APP-008,setuptools,3.6.4,Unknown,Transitive,pkg:generic/setuptools@3.6.4
APP-008,spring-boot-starter,3.12.2,Unknown,Direct,pkg:generic/spring-boot-starter@3.12.2
APP-008,resilience4j,1.4.5,Unknown,Transitive,pkg:generic/resilience4j@1.4.5
APP-008,netty-handler,3.6.1,Unknown,Direct,pkg:maven/netty-handler@3.6.1
APP-008,axios,2.0.1,Unknown,Transitive,pkg:generic/axios@2.0.1
APP-008,jetty-server,4.1.2,Unknown,Transitive,pkg:generic/jetty-server@4.1.2
APP-008,caffeine,4.2.4,Unknown,Transitive,pkg:generic/caffeine@4.2.4
APP-008,junit-jupiter,3.13.6,Unknown,Direct,pkg:generic/junit-jupiter@3.13.6
APP-008,resilience4j,3.6.4,Unknown,Transitive,pkg:generic/resilience4j@3.6.4
APP-008,axios,4.5.0,Unknown,Transitive,pkg:generic/axios@4.5.0
APP-008,grpc-core,4.6.5,Unknown,Direct,pkg:maven/grpc-core@4.6.5
APP-008,netty-all,2.5.2,Unknown,Transitive,pkg:maven/netty-all@2.5.2
APP-008,resilience4j,1.10.5,Unknown,Transitive,pkg:generic/resilience4j@1.10.5
APP-008,disruptor,1.0.3,Unknown,Transitive,pkg:maven/disruptor@1.0.3
APP-008,commons-io,4.0.9,Unknown,Direct,pkg:generic/commons-io@4.0.9
APP-008,disruptor,2.1.4,Unknown,Transitive,pkg:maven/disruptor@2.1.4
APP-008,axios,4.1.5,Unknown,Transitive,pkg:generic/axios@4.1.5
APP-008,opentelemetry-api,4.9.0,Unknown,Transitive,pkg:maven/opentelemetry-api@4.9.0
APP-008,jackson-databind,4.2.1,Unknown,Direct,pkg:maven/jackson-databind@4.2.1
APP-008,resilience4j,1.7.3,Unknown,Transitive,pkg:generic/resilience4j@1.7.3
APP-008,disruptor,4.6.4,Unknown,Transitive,pkg:maven/disruptor@4.6.4
APP-008,micrometer-core,3.0.7,Unknown,Direct,pkg:maven/micrometer-core@3.0.7
APP-008,disruptor,2.9.1,Unknown,Transitive,pkg:maven/disruptor@2.9.1
APP-008,commons-lang3,5.13.8,Unknown,Direct,pkg:generic/commons-lang3@5.13.8
APP-008,gson,3.4.2,Unknown,Transitive,pkg:generic/gson@3.4.2
APP-008,pgx,5.4.0,Unknown,Direct,pkg:generic/pgx@5.4.0
APP-008,mapstruct,1.5.1,Unknown,Transitive,pkg:generic/mapstruct@1.5.1
APP-008,resilience4j,4.7.4,Unknown,Transitive,pkg:generic/resilience4j@4.7.4
APP-008,aws-sdk-sqs,3.9.4,Unknown,Transitive,pkg:generic/aws-sdk-sqs@3.9.4
APP-008,kafka-clients,3.9.6,Unknown,Direct,pkg:generic/kafka-clients@3.9.6
APP-008,log4j-core,2.7.4,Unknown,Transitive,pkg:maven/log4j-core@2.7.4
APP-008,jackson-annotations,3.0.1,Unknown,Direct,pkg:maven/jackson-annotations@3.0.1
APP-008,opentelemetry-api,2.3.2,Unknown,Transitive,pkg:maven/opentelemetry-api@2.3.2
APP-008,axios,2.3.2,Unknown,Transitive,pkg:generic/axios@2.3.2
APP-008,disruptor,2.5.4,Unknown,Transitive,pkg:maven/disruptor@2.5.4
APP-008,logback-core,1.5.4,Unknown,Direct,pkg:maven/logback-core@1.5.4
APP-008,netty-all,1.5.1,Unknown,Transitive,pkg:maven/netty-all@1.5.1
APP-009,yaml-go,5.15.0,Unknown,Direct,pkg:maven/yaml-go@5.15.0
APP-009,moment,4.0.2,Unknown,Transitive,pkg:generic/moment@4.0.2
APP-009,jest,3.13.6,Unknown,Direct,pkg:generic/jest@3.13.6
APP-009,bcrypt,2.4.3,Unknown,Transitive,pkg:generic/bcrypt@2.4.3
APP-009,react,4.2.4,Unknown,Transitive,pkg:npm/react@4.2.4
APP-009,cors,3.9.1,Unknown,Transitive,pkg:generic/cors@3.9.1
APP-009,cryptography,3.6.0,Unknown,Direct,pkg:generic/cryptography@3.6.0
APP-009,nodemon,4.7.3,Unknown,Transitive,pkg:generic/nodemon@4.7.3
APP-009,redis,5.1.1,Unknown,Direct,pkg:generic/redis@5.1.1
APP-009,bcrypt,2.6.1,Unknown,Transitive,pkg:generic/bcrypt@2.6.1
APP-009,ansible-core,2.8.10,Unknown,Direct,pkg:maven/ansible-core@2.8.10
APP-009,pm2,1.5.0,Unknown,Transitive,pkg:generic/pm2@1.5.0
APP-009,angular-core,1.8.2,Unknown,Transitive,pkg:maven/angular-core@1.8.2
APP-009,dotenv,4.7.1,Unknown,Transitive,pkg:generic/dotenv@4.7.1
APP-009,sharp,1.14.0,Unknown,Direct,pkg:generic/sharp@1.14.0
APP-009,pm2,1.4.0,Unknown,Transitive,pkg:generic/pm2@1.4.0
APP-009,node-fetch,2.5.5,Unknown,Transitive,pkg:generic/node-fetch@2.5.5
APP-009,axios,4.14.1,Unknown,Direct,pkg:generic/axios@4.14.1
APP-009,cors,1.9.0,Unknown,Transitive,pkg:generic/cors@1.9.0
APP-009,bcrypt,2.4.0,Unknown,Transitive,pkg:generic/bcrypt@2.4.0
APP-009,winston,2.2.10,Unknown,Direct,pkg:generic/winston@2.2.10
APP-009,dotenv,4.0.5,Unknown,Transitive,pkg:generic/dotenv@4.0.5
APP-009,react,1.6.5,Unknown,Transitive,pkg:npm/react@1.6.5
APP-009,nanoid,2.3.5,Unknown,Direct,pkg:generic/nanoid@2.3.5
APP-009,prettier,2.1.5,Unknown,Transitive,pkg:generic/prettier@2.1.5
APP-009,inquirer,5.11.0,Unknown,Direct,pkg:generic/inquirer@5.11.0
APP-009,angular-core,2.4.0,Unknown,Transitive,pkg:maven/angular-core@2.4.0
APP-009,bcrypt,3.10.5,Unknown,Transitive,pkg:generic/bcrypt@3.10.5
APP-009,dayjs,2.4.1,Unknown,Direct,pkg:generic/dayjs@2.4.1
APP-009,prettier,3.2.5,Unknown,Transitive,pkg:generic/prettier@3.2.5
APP-009,graphql,1.11.6,Unknown,Direct,pkg:generic/graphql@1.11.6
APP-009,angular-core,1.6.3,Unknown,Transitive,pkg:maven/angular-core@1.6.3
APP-009,prettier,1.4.4,Unknown,Transitive,pkg:generic/prettier@1.4.4
APP-009,commander,3.12.7,Unknown,Direct,pkg:generic/commander@3.12.7
APP-009,react,2.0.0,Unknown,Transitive,pkg:npm/react@2.0.0
APP-009,cors,3.7.3,Unknown,Transitive,pkg:generic/cors@3.7.3
APP-009,morgan,4.11.6,Unknown,Direct,pkg:generic/morgan@4.11.6
APP-009,nodemon,2.3.3,Unknown,Transitive,pkg:generic/nodemon@2.3.3
APP-009,django,3.15.10,Unknown,Direct,pkg:generic/django@3.15.10
APP-009,nats,3.10.5,Unknown,Transitive,pkg:generic/nats@3.10.5
APP-009,multer,2.8.9,Unknown,Direct,pkg:generic/multer@2.8.9
APP-009,node-fetch,1.10.5,Unknown,Transitive,pkg:generic/node-fetch@1.10.5
APP-009,moment,4.6.5,Unknown,Transitive,pkg:generic/moment@4.6.5
APP-009,uuid,5.6.6,Unknown,Direct,pkg:generic/uuid@5.6.6
APP-009,nodemon,4.1.0,Unknown,Transitive,pkg:generic/nodemon@4.1.0
APP-009,mapstruct,3.2.2,Unknown,Transitive,pkg:generic/mapstruct@3.2.2
APP-009,webpack,4.13.10,Unknown,Direct,pkg:generic/webpack@4.13.10
APP-009,dotenv,1.7.4,Unknown,Transitive,pkg:generic/dotenv@1.7.4
APP-009,helmet,2.6.0,Unknown,Direct,pkg:generic/helmet@2.6.0
APP-009,moment,2.1.2,Unknown,Transitive,pkg:generic/moment@2.1.2
APP-009,bcrypt,1.6.0,Unknown,Transitive,pkg:generic/bcrypt@1.6.0
APP-009,eslint,3.1.2,Unknown,Transitive,pkg:npm/eslint@3.1.2
APP-009,knex,1.7.7,Unknown,Direct,pkg:generic/knex@1.7.7
APP-009,angular-core,1.1.1,Unknown,Transitive,pkg:maven/angular-core@1.1.1
APP-009,express,5.0.6,Unknown,Direct,pkg:generic/express@5.0.6
APP-009,formidable,3.10.2,Unknown,Transitive,pkg:generic/formidable@3.10.2
APP-010,protobuf-go,2.12.6,Unknown,Direct,pkg:generic/protobuf-go@2.12.6
APP-010,vue,3.9.3,Unknown,Transitive,pkg:generic/vue@3.9.3
APP-010,bcrypt,2.10.5,Unknown,Transitive,pkg:generic/bcrypt@2.10.5
APP-010,protobuf-java,4.3.0,Unknown,Transitive,pkg:generic/protobuf-java@4.3.0
APP-010,rich,1.7.6,Unknown,Direct,pkg:generic/rich@1.7.6
APP-010,bouncycastle-bcprov,4.10.3,Unknown,Transitive,pkg:generic/bouncycastle-bcprov@4.10.3
APP-010,logrus,3.14.5,Unknown,Direct,pkg:generic/logrus@3.14.5
APP-010,nodemon,2.0.4,Unknown,Transitive,pkg:generic/nodemon@2.0.4
APP-010,fiber,5.15.4,Unknown,Direct,pkg:generic/fiber@5.15.4
APP-010,pip,2.1.2,Unknown,Transitive,pkg:generic/pip@2.1.2
APP-010,crypto-go,1.8.1,Unknown,Transitive,pkg:generic/crypto-go@1.8.1
APP-010,golangci-lint,4.0.6,Unknown,Direct,pkg:golang/golangci-lint@4.0.6
APP-010,chai,1.3.5,Unknown,Transitive,pkg:generic/chai@1.3.5
APP-010,mockito-core,2.6.10,Unknown,Direct,pkg:maven/mockito-core@2.6.10
APP-010,chi,2.6.5,Unknown,Transitive,pkg:generic/chi@2.6.5
APP-010,setuptools,1.9.10,Unknown,Direct,pkg:generic/setuptools@1.9.10
APP-010,bcrypt,2.1.5,Unknown,Transitive,pkg:generic/bcrypt@2.1.5
APP-010,graphql,2.1.3,Unknown,Direct,pkg:generic/graphql@2.1.3
APP-010,pip,2.9.3,Unknown,Transitive,pkg:generic/pip@2.9.3
APP-010,nats,3.12.10,Unknown,Direct,pkg:generic/nats@3.12.10
APP-010,vue,3.10.5,Unknown,Transitive,pkg:generic/vue@3.10.5
APP-010,resty,4.3.1,Unknown,Direct,pkg:generic/resty@4.3.1
APP-010,mux,3.8.2,Unknown,Transitive,pkg:generic/mux@3.8.2
APP-010,aws-sdk-go,1.5.5,Unknown,Direct,pkg:generic/aws-sdk-go@1.5.5
APP-010,nodemon,4.7.4,Unknown,Transitive,pkg:generic/nodemon@4.7.4
APP-010,gomock,5.4.10,Unknown,Direct,pkg:generic/gomock@5.4.10
APP-010,mux,4.7.1,Unknown,Transitive,pkg:generic/mux@4.7.1
APP-010,bouncycastle-bcprov,4.5.3,Unknown,Transitive,pkg:generic/bouncycastle-bcprov@4.5.3
APP-010,tomcat-embed-core,3.4.3,Unknown,Transitive,pkg:maven/tomcat-embed-core@3.4.3
APP-010,gin,3.2.4,Unknown,Direct,pkg:generic/gin@3.2.4
APP-010,hibernate-validator,1.4.4,Unknown,Transitive,pkg:maven/hibernate-validator@1.4.4
APP-010,crypto-go,4.0.3,Unknown,Transitive,pkg:generic/crypto-go@4.0.3
APP-010,chalk,2.7.3,Unknown,Transitive,pkg:generic/chalk@2.7.3
APP-010,go-redis,5.11.0,Unknown,Direct,pkg:golang/go-redis@5.11.0
APP-010,chai,1.4.2,Unknown,Transitive,pkg:generic/chai@1.4.2
APP-010,bouncycastle-bcprov,4.4.2,Unknown,Transitive,pkg:generic/bouncycastle-bcprov@4.4.2
APP-010,grpc-go,2.9.10,Unknown,Direct,pkg:generic/grpc-go@2.9.10
APP-010,crypto-go,4.5.2,Unknown,Transitive,pkg:generic/crypto-go@4.5.2
APP-010,cobra,3.5.6,Unknown,Direct,pkg:generic/cobra@3.5.6
APP-010,nodemon,4.0.1,Unknown,Transitive,pkg:generic/nodemon@4.0.1
APP-010,zap,2.12.6,Unknown,Direct,pkg:generic/zap@2.12.6
APP-010,vue,4.10.5,Unknown,Transitive,pkg:generic/vue@4.10.5
APP-010,commons-codec,2.5.3,Unknown,Transitive,pkg:generic/commons-codec@2.5.3
APP-010,certifi,4.2.0,Unknown,Transitive,pkg:generic/certifi@4.2.0
APP-010,yaml-go,1.4.2,Unknown,Direct,pkg:maven/yaml-go@1.4.2
APP-010,chi,4.9.5,Unknown,Transitive,pkg:generic/chi@4.9.5
APP-010,fasthttp,1.8.3,Unknown,Direct,pkg:maven/fasthttp@1.8.3
APP-010,tomcat-embed-core,2.3.0,Unknown,Transitive,pkg:maven/tomcat-embed-core@2.3.0
APP-010,viper,3.6.2,Unknown,Direct,pkg:generic/viper@3.6.2
APP-010,protobuf-java,2.3.2,Unknown,Transitive,pkg:generic/protobuf-java@2.3.2
APP-010,bcrypt-go,4.15.0,Unknown,Direct,pkg:generic/bcrypt-go@4.15.0
APP-010,tomcat-embed-core,1.2.0,Unknown,Transitive,pkg:maven/tomcat-embed-core@1.2.0
APP-010,chi,1.0.5,Unknown,Transitive,pkg:generic/chi@1.0.5
APP-010,json-iterator,2.9.7,Unknown,Direct,pkg:generic/json-iterator@2.9.7
APP-010,vue,1.10.0,Unknown,Transitive,pkg:generic/vue@1.10.0
APP-010,gorm,2.10.5,Unknown,Direct,pkg:generic/gorm@2.10.5
APP-010,tomcat-embed-core,4.1.0,Unknown,Transitive,pkg:maven/tomcat-embed-core@4.1.0
APP-010,go-jwt,1.6.3,Unknown,Direct,pkg:golang/go-jwt@1.6.3
APP-010,bouncycastle-bcprov,2.0.1,Unknown,Transitive,pkg:generic/bouncycastle-bcprov@2.0.1
APP-010,tomcat-embed-core,2.6.4,Unknown,Transitive,pkg:maven/tomcat-embed-core@2.6.4
APP-010,mux,5.11.5,Unknown,Direct,pkg:generic/mux@5.11.5
APP-010,bcrypt,2.9.2,Unknown,Transitive,pkg:generic/bcrypt@2.9.2
APP-010,bouncycastle-bcprov,2.4.0,Unknown,Transitive,pkg:generic/bouncycastle-bcprov@2.4.0
APP-010,chalk,1.3.5,Unknown,Transitive,pkg:generic/chalk@1.3.5